-- phpMyAdmin SQL Dump
-- version 5.2.0
-- https://www.phpmyadmin.net/
--
-- Host: 127.0.0.1
-- Waktu pembuatan: 16 Bulan Mei 2023 pada 16.55
-- Versi server: 10.4.27-MariaDB
-- Versi PHP: 8.2.0

SET SQL_MODE = "NO_AUTO_VALUE_ON_ZERO";
START TRANSACTION;
SET time_zone = "+00:00";


/*!40101 SET @OLD_CHARACTER_SET_CLIENT=@@CHARACTER_SET_CLIENT */;
/*!40101 SET @OLD_CHARACTER_SET_RESULTS=@@CHARACTER_SET_RESULTS */;
/*!40101 SET @OLD_COLLATION_CONNECTION=@@COLLATION_CONNECTION */;
/*!40101 SET NAMES utf8mb4 */;

--
-- Database: `sistem_rental_mobil`
--

-- --------------------------------------------------------

--
-- Struktur dari tabel `failed_jobs`
--

CREATE TABLE `failed_jobs` (
  `id` bigint(20) UNSIGNED NOT NULL,
  `uuid` varchar(255) NOT NULL,
  `connection` text NOT NULL,
  `queue` text NOT NULL,
  `payload` longtext NOT NULL,
  `exception` longtext NOT NULL,
  `failed_at` timestamp NOT NULL DEFAULT current_timestamp()
) ENGINE=InnoDB DEFAULT CHARSET=utf8mb4 COLLATE=utf8mb4_unicode_ci;

-- --------------------------------------------------------

--
-- Struktur dari tabel `kabupaten`
--

CREATE TABLE `kabupaten` (
  `id_kabupaten` bigint(20) UNSIGNED NOT NULL,
  `id_provinsi` int(11) NOT NULL,
  `nama_kabupaten` varchar(255) NOT NULL,
  `created_at` timestamp NULL DEFAULT NULL,
  `updated_at` timestamp NULL DEFAULT NULL
) ENGINE=InnoDB DEFAULT CHARSET=utf8mb4 COLLATE=utf8mb4_unicode_ci ROW_FORMAT=DYNAMIC;

--
-- Dumping data untuk tabel `kabupaten`
--

INSERT INTO `kabupaten` (`id_kabupaten`, `id_provinsi`, `nama_kabupaten`, `created_at`, `updated_at`) VALUES
(1101, 11, 'KABUPATEN SIMEULUE', NULL, NULL),
(1102, 11, 'KABUPATEN ACEH SINGKIL', NULL, NULL),
(1103, 11, 'KABUPATEN ACEH SELATAN', NULL, NULL),
(1104, 11, 'KABUPATEN ACEH TENGGARA', NULL, NULL),
(1105, 11, 'KABUPATEN ACEH TIMUR', NULL, NULL),
(1106, 11, 'KABUPATEN ACEH TENGAH', NULL, NULL),
(1107, 11, 'KABUPATEN ACEH BARAT', NULL, NULL),
(1108, 11, 'KABUPATEN ACEH BESAR', NULL, NULL),
(1109, 11, 'KABUPATEN PIDIE', NULL, NULL),
(1110, 11, 'KABUPATEN BIREUEN', NULL, NULL),
(1111, 11, 'KABUPATEN ACEH UTARA', NULL, NULL),
(1112, 11, 'KABUPATEN ACEH BARAT DAYA', NULL, NULL),
(1113, 11, 'KABUPATEN GAYO LUES', NULL, NULL),
(1114, 11, 'KABUPATEN ACEH TAMIANG', NULL, NULL),
(1115, 11, 'KABUPATEN NAGAN RAYA', NULL, NULL),
(1116, 11, 'KABUPATEN ACEH JAYA', NULL, NULL),
(1117, 11, 'KABUPATEN BENER MERIAH', NULL, NULL),
(1118, 11, 'KABUPATEN PIDIE JAYA', NULL, NULL),
(1171, 11, 'KOTA BANDA ACEH', NULL, NULL),
(1172, 11, 'KOTA SABANG', NULL, NULL),
(1173, 11, 'KOTA LANGSA', NULL, NULL),
(1174, 11, 'KOTA LHOKSEUMAWE', NULL, NULL),
(1175, 11, 'KOTA SUBULUSSALAM', NULL, NULL),
(1201, 12, 'KABUPATEN NIAS', NULL, NULL),
(1202, 12, 'KABUPATEN MANDAILING NATAL', NULL, NULL),
(1203, 12, 'KABUPATEN TAPANULI SELATAN', NULL, NULL),
(1204, 12, 'KABUPATEN TAPANULI TENGAH', NULL, NULL),
(1205, 12, 'KABUPATEN TAPANULI UTARA', NULL, NULL),
(1206, 12, 'KABUPATEN TOBA SAMOSIR', NULL, NULL),
(1207, 12, 'KABUPATEN LABUHAN BATU', NULL, NULL),
(1208, 12, 'KABUPATEN ASAHAN', NULL, NULL),
(1209, 12, 'KABUPATEN SIMALUNGUN', NULL, NULL),
(1210, 12, 'KABUPATEN DAIRI', NULL, NULL),
(1211, 12, 'KABUPATEN KARO', NULL, NULL),
(1212, 12, 'KABUPATEN DELI SERDANG', NULL, NULL),
(1213, 12, 'KABUPATEN LANGKAT', NULL, NULL),
(1214, 12, 'KABUPATEN NIAS SELATAN', NULL, NULL),
(1215, 12, 'KABUPATEN HUMBANG HASUNDUTAN', NULL, NULL),
(1216, 12, 'KABUPATEN PAKPAK BHARAT', NULL, NULL),
(1217, 12, 'KABUPATEN SAMOSIR', NULL, NULL),
(1218, 12, 'KABUPATEN SERDANG BEDAGAI', NULL, NULL),
(1219, 12, 'KABUPATEN BATU BARA', NULL, NULL),
(1220, 12, 'KABUPATEN PADANG LAWAS UTARA', NULL, NULL),
(1221, 12, 'KABUPATEN PADANG LAWAS', NULL, NULL),
(1222, 12, 'KABUPATEN LABUHAN BATU SELATAN', NULL, NULL),
(1223, 12, 'KABUPATEN LABUHAN BATU UTARA', NULL, NULL),
(1224, 12, 'KABUPATEN NIAS UTARA', NULL, NULL),
(1225, 12, 'KABUPATEN NIAS BARAT', NULL, NULL),
(1271, 12, 'KOTA SIBOLGA', NULL, NULL),
(1272, 12, 'KOTA TANJUNG BALAI', NULL, NULL),
(1273, 12, 'KOTA PEMATANG SIANTAR', NULL, NULL),
(1274, 12, 'KOTA TEBING TINGGI', NULL, NULL),
(1275, 12, 'KOTA MEDAN', NULL, NULL),
(1276, 12, 'KOTA BINJAI', NULL, NULL),
(1277, 12, 'KOTA PADANGSIDIMPUAN', NULL, NULL),
(1278, 12, 'KOTA GUNUNGSITOLI', NULL, NULL),
(1301, 13, 'KABUPATEN KEPULAUAN MENTAWAI', NULL, NULL),
(1302, 13, 'KABUPATEN PESISIR SELATAN', NULL, NULL),
(1303, 13, 'KABUPATEN SOLOK', NULL, NULL),
(1304, 13, 'KABUPATEN SIJUNJUNG', NULL, NULL),
(1305, 13, 'KABUPATEN TANAH DATAR', NULL, NULL),
(1306, 13, 'KABUPATEN PADANG PARIAMAN', NULL, NULL),
(1307, 13, 'KABUPATEN AGAM', NULL, NULL),
(1308, 13, 'KABUPATEN LIMA PULUH KOTA', NULL, NULL),
(1309, 13, 'KABUPATEN PASAMAN', NULL, NULL),
(1310, 13, 'KABUPATEN SOLOK SELATAN', NULL, NULL),
(1311, 13, 'KABUPATEN DHARMASRAYA', NULL, NULL),
(1312, 13, 'KABUPATEN PASAMAN BARAT', NULL, NULL),
(1371, 13, 'KOTA PADANG', NULL, NULL),
(1372, 13, 'KOTA SOLOK', NULL, NULL),
(1373, 13, 'KOTA SAWAH LUNTO', NULL, NULL),
(1374, 13, 'KOTA PADANG PANJANG', NULL, NULL),
(1375, 13, 'KOTA BUKITTINGGI', NULL, NULL),
(1376, 13, 'KOTA PAYAKUMBUH', NULL, NULL),
(1377, 13, 'KOTA PARIAMAN', NULL, NULL),
(1401, 14, 'KABUPATEN KUANTAN SINGINGI', NULL, NULL),
(1402, 14, 'KABUPATEN INDRAGIRI HULU', NULL, NULL),
(1403, 14, 'KABUPATEN INDRAGIRI HILIR', NULL, NULL),
(1404, 14, 'KABUPATEN PELALAWAN', NULL, NULL),
(1405, 14, 'KABUPATEN S I A K', NULL, NULL),
(1406, 14, 'KABUPATEN KAMPAR', NULL, NULL),
(1407, 14, 'KABUPATEN ROKAN HULU', NULL, NULL),
(1408, 14, 'KABUPATEN BENGKALIS', NULL, NULL),
(1409, 14, 'KABUPATEN ROKAN HILIR', NULL, NULL),
(1410, 14, 'KABUPATEN KEPULAUAN MERANTI', NULL, NULL),
(1471, 14, 'KOTA PEKANBARU', NULL, NULL),
(1473, 14, 'KOTA D U M A I', NULL, NULL),
(1501, 15, 'KABUPATEN KERINCI', NULL, NULL),
(1502, 15, 'KABUPATEN MERANGIN', NULL, NULL),
(1503, 15, 'KABUPATEN SAROLANGUN', NULL, NULL),
(1504, 15, 'KABUPATEN BATANG HARI', NULL, NULL),
(1505, 15, 'KABUPATEN MUARO JAMBI', NULL, NULL),
(1506, 15, 'KABUPATEN TANJUNG JABUNG TIMUR', NULL, NULL),
(1507, 15, 'KABUPATEN TANJUNG JABUNG BARAT', NULL, NULL),
(1508, 15, 'KABUPATEN TEBO', NULL, NULL),
(1509, 15, 'KABUPATEN BUNGO', NULL, NULL),
(1571, 15, 'KOTA JAMBI', NULL, NULL),
(1572, 15, 'KOTA SUNGAI PENUH', NULL, NULL),
(1601, 16, 'KABUPATEN OGAN KOMERING ULU', NULL, NULL),
(1602, 16, 'KABUPATEN OGAN KOMERING ILIR', NULL, NULL),
(1603, 16, 'KABUPATEN MUARA ENIM', NULL, NULL),
(1604, 16, 'KABUPATEN LAHAT', NULL, NULL),
(1605, 16, 'KABUPATEN MUSI RAWAS', NULL, NULL),
(1606, 16, 'KABUPATEN MUSI BANYUASIN', NULL, NULL),
(1607, 16, 'KABUPATEN BANYU ASIN', NULL, NULL),
(1608, 16, 'KABUPATEN OGAN KOMERING ULU SELATAN', NULL, NULL),
(1609, 16, 'KABUPATEN OGAN KOMERING ULU TIMUR', NULL, NULL),
(1610, 16, 'KABUPATEN OGAN ILIR', NULL, NULL),
(1611, 16, 'KABUPATEN EMPAT LAWANG', NULL, NULL),
(1612, 16, 'KABUPATEN PENUKAL ABAB LEMATANG ILIR', NULL, NULL),
(1613, 16, 'KABUPATEN MUSI RAWAS UTARA', NULL, NULL),
(1671, 16, 'KOTA PALEMBANG', NULL, NULL),
(1672, 16, 'KOTA PRABUMULIH', NULL, NULL),
(1673, 16, 'KOTA PAGAR ALAM', NULL, NULL),
(1674, 16, 'KOTA LUBUKLINGGAU', NULL, NULL),
(1701, 17, 'KABUPATEN BENGKULU SELATAN', NULL, NULL),
(1702, 17, 'KABUPATEN REJANG LEBONG', NULL, NULL),
(1703, 17, 'KABUPATEN BENGKULU UTARA', NULL, NULL),
(1704, 17, 'KABUPATEN KAUR', NULL, NULL),
(1705, 17, 'KABUPATEN SELUMA', NULL, NULL),
(1706, 17, 'KABUPATEN MUKOMUKO', NULL, NULL),
(1707, 17, 'KABUPATEN LEBONG', NULL, NULL),
(1708, 17, 'KABUPATEN KEPAHIANG', NULL, NULL),
(1709, 17, 'KABUPATEN BENGKULU TENGAH', NULL, NULL),
(1771, 17, 'KOTA BENGKULU', NULL, NULL),
(1801, 18, 'KABUPATEN LAMPUNG BARAT', NULL, NULL),
(1802, 18, 'KABUPATEN TANGGAMUS', NULL, NULL),
(1803, 18, 'KABUPATEN LAMPUNG SELATAN', NULL, NULL),
(1804, 18, 'KABUPATEN LAMPUNG TIMUR', NULL, NULL),
(1805, 18, 'KABUPATEN LAMPUNG TENGAH', NULL, NULL),
(1806, 18, 'KABUPATEN LAMPUNG UTARA', NULL, NULL),
(1807, 18, 'KABUPATEN WAY KANAN', NULL, NULL),
(1808, 18, 'KABUPATEN TULANGBAWANG', NULL, NULL),
(1809, 18, 'KABUPATEN PESAWARAN', NULL, NULL),
(1810, 18, 'KABUPATEN PRINGSEWU', NULL, NULL),
(1811, 18, 'KABUPATEN MESUJI', NULL, NULL),
(1812, 18, 'KABUPATEN TULANG BAWANG BARAT', NULL, NULL),
(1813, 18, 'KABUPATEN PESISIR BARAT', NULL, NULL),
(1871, 18, 'KOTA BANDAR LAMPUNG', NULL, NULL),
(1872, 18, 'KOTA METRO', NULL, NULL),
(1901, 19, 'KABUPATEN BANGKA', NULL, NULL),
(1902, 19, 'KABUPATEN BELITUNG', NULL, NULL),
(1903, 19, 'KABUPATEN BANGKA BARAT', NULL, NULL),
(1904, 19, 'KABUPATEN BANGKA TENGAH', NULL, NULL),
(1905, 19, 'KABUPATEN BANGKA SELATAN', NULL, NULL),
(1906, 19, 'KABUPATEN BELITUNG TIMUR', NULL, NULL),
(1971, 19, 'KOTA PANGKAL PINANG', NULL, NULL),
(2101, 21, 'KABUPATEN KARIMUN', NULL, NULL),
(2102, 21, 'KABUPATEN BINTAN', NULL, NULL),
(2103, 21, 'KABUPATEN NATUNA', NULL, NULL),
(2104, 21, 'KABUPATEN LINGGA', NULL, NULL),
(2105, 21, 'KABUPATEN KEPULAUAN ANAMBAS', NULL, NULL),
(2171, 21, 'KOTA B A T A M', NULL, NULL),
(2172, 21, 'KOTA TANJUNG PINANG', NULL, NULL),
(3101, 31, 'KABUPATEN KEPULAUAN SERIBU', NULL, NULL),
(3171, 31, 'KOTA JAKARTA SELATAN', NULL, NULL),
(3172, 31, 'KOTA JAKARTA TIMUR', NULL, NULL),
(3173, 31, 'KOTA JAKARTA PUSAT', NULL, NULL),
(3174, 31, 'KOTA JAKARTA BARAT', NULL, NULL),
(3175, 31, 'KOTA JAKARTA UTARA', NULL, NULL),
(3201, 32, 'KABUPATEN BOGOR', NULL, NULL),
(3202, 32, 'KABUPATEN SUKABUMI', NULL, NULL),
(3203, 32, 'KABUPATEN CIANJUR', NULL, NULL),
(3204, 32, 'KABUPATEN BANDUNG', NULL, NULL),
(3205, 32, 'KABUPATEN GARUT', NULL, NULL),
(3206, 32, 'KABUPATEN TASIKMALAYA', NULL, NULL),
(3207, 32, 'KABUPATEN CIAMIS', NULL, NULL),
(3208, 32, 'KABUPATEN KUNINGAN', NULL, NULL),
(3209, 32, 'KABUPATEN CIREBON', NULL, NULL),
(3210, 32, 'KABUPATEN MAJALENGKA', NULL, NULL),
(3211, 32, 'KABUPATEN SUMEDANG', NULL, NULL),
(3212, 32, 'KABUPATEN INDRAMAYU', NULL, NULL),
(3213, 32, 'KABUPATEN SUBANG', NULL, NULL),
(3214, 32, 'KABUPATEN PURWAKARTA', NULL, NULL),
(3215, 32, 'KABUPATEN KARAWANG', NULL, NULL),
(3216, 32, 'KABUPATEN BEKASI', NULL, NULL),
(3217, 32, 'KABUPATEN BANDUNG BARAT', NULL, NULL),
(3218, 32, 'KABUPATEN PANGANDARAN', NULL, NULL),
(3271, 32, 'KOTA BOGOR', NULL, NULL),
(3272, 32, 'KOTA SUKABUMI', NULL, NULL),
(3273, 32, 'KOTA BANDUNG', NULL, NULL),
(3274, 32, 'KOTA CIREBON', NULL, NULL),
(3275, 32, 'KOTA BEKASI', NULL, NULL),
(3276, 32, 'KOTA DEPOK', NULL, NULL),
(3277, 32, 'KOTA CIMAHI', NULL, NULL),
(3278, 32, 'KOTA TASIKMALAYA', NULL, NULL),
(3279, 32, 'KOTA BANJAR', NULL, NULL),
(3301, 33, 'KABUPATEN CILACAP', NULL, NULL),
(3302, 33, 'KABUPATEN BANYUMAS', NULL, NULL),
(3303, 33, 'KABUPATEN PURBALINGGA', NULL, NULL),
(3304, 33, 'KABUPATEN BANJARNEGARA', NULL, NULL),
(3305, 33, 'KABUPATEN KEBUMEN', NULL, NULL),
(3306, 33, 'KABUPATEN PURWOREJO', NULL, NULL),
(3307, 33, 'KABUPATEN WONOSOBO', NULL, NULL),
(3308, 33, 'KABUPATEN MAGELANG', NULL, NULL),
(3309, 33, 'KABUPATEN BOYOLALI', NULL, NULL),
(3310, 33, 'KABUPATEN KLATEN', NULL, NULL),
(3311, 33, 'KABUPATEN SUKOHARJO', NULL, NULL),
(3312, 33, 'KABUPATEN WONOGIRI', NULL, NULL),
(3313, 33, 'KABUPATEN KARANGANYAR', NULL, NULL),
(3314, 33, 'KABUPATEN SRAGEN', NULL, NULL),
(3315, 33, 'KABUPATEN GROBOGAN', NULL, NULL),
(3316, 33, 'KABUPATEN BLORA', NULL, NULL),
(3317, 33, 'KABUPATEN REMBANG', NULL, NULL),
(3318, 33, 'KABUPATEN PATI', NULL, NULL),
(3319, 33, 'KABUPATEN KUDUS', NULL, NULL),
(3320, 33, 'KABUPATEN JEPARA', NULL, NULL),
(3321, 33, 'KABUPATEN DEMAK', NULL, NULL),
(3322, 33, 'KABUPATEN SEMARANG', NULL, NULL),
(3323, 33, 'KABUPATEN TEMANGGUNG', NULL, NULL),
(3324, 33, 'KABUPATEN KENDAL', NULL, NULL),
(3325, 33, 'KABUPATEN BATANG', NULL, NULL),
(3326, 33, 'KABUPATEN PEKALONGAN', NULL, NULL),
(3327, 33, 'KABUPATEN PEMALANG', NULL, NULL),
(3328, 33, 'KABUPATEN TEGAL', NULL, NULL),
(3329, 33, 'KABUPATEN BREBES', NULL, NULL),
(3371, 33, 'KOTA MAGELANG', NULL, NULL),
(3372, 33, 'KOTA SURAKARTA', NULL, NULL),
(3373, 33, 'KOTA SALATIGA', NULL, NULL),
(3374, 33, 'KOTA SEMARANG', NULL, NULL),
(3375, 33, 'KOTA PEKALONGAN', NULL, NULL),
(3376, 33, 'KOTA TEGAL', NULL, NULL),
(3401, 34, 'KABUPATEN KULON PROGO', NULL, NULL),
(3402, 34, 'KABUPATEN BANTUL', NULL, NULL),
(3403, 34, 'KABUPATEN GUNUNG KIDUL', NULL, NULL),
(3404, 34, 'KABUPATEN SLEMAN', NULL, NULL),
(3471, 34, 'KOTA YOGYAKARTA', NULL, NULL),
(3501, 35, 'KABUPATEN PACITAN', NULL, NULL),
(3502, 35, 'KABUPATEN PONOROGO', NULL, NULL),
(3503, 35, 'KABUPATEN TRENGGALEK', NULL, NULL),
(3504, 35, 'KABUPATEN TULUNGAGUNG', NULL, NULL),
(3505, 35, 'KABUPATEN BLITAR', NULL, NULL),
(3506, 35, 'KABUPATEN KEDIRI', NULL, NULL),
(3507, 35, 'KABUPATEN MALANG', NULL, NULL),
(3508, 35, 'KABUPATEN LUMAJANG', NULL, NULL),
(3509, 35, 'KABUPATEN JEMBER', NULL, NULL),
(3510, 35, 'KABUPATEN BANYUWANGI', NULL, NULL),
(3511, 35, 'KABUPATEN BONDOWOSO', NULL, NULL),
(3512, 35, 'KABUPATEN SITUBONDO', NULL, NULL),
(3513, 35, 'KABUPATEN PROBOLINGGO', NULL, NULL),
(3514, 35, 'KABUPATEN PASURUAN', NULL, NULL),
(3515, 35, 'KABUPATEN SIDOARJO', NULL, NULL),
(3516, 35, 'KABUPATEN MOJOKERTO', NULL, NULL),
(3517, 35, 'KABUPATEN JOMBANG', NULL, NULL),
(3518, 35, 'KABUPATEN NGANJUK', NULL, NULL),
(3519, 35, 'KABUPATEN MADIUN', NULL, NULL),
(3520, 35, 'KABUPATEN MAGETAN', NULL, NULL),
(3521, 35, 'KABUPATEN NGAWI', NULL, NULL),
(3522, 35, 'KABUPATEN BOJONEGORO', NULL, NULL),
(3523, 35, 'KABUPATEN TUBAN', NULL, NULL),
(3524, 35, 'KABUPATEN LAMONGAN', NULL, NULL),
(3525, 35, 'KABUPATEN GRESIK', NULL, NULL),
(3526, 35, 'KABUPATEN BANGKALAN', NULL, NULL),
(3527, 35, 'KABUPATEN SAMPANG', NULL, NULL),
(3528, 35, 'KABUPATEN PAMEKASAN', NULL, NULL),
(3529, 35, 'KABUPATEN SUMENEP', NULL, NULL),
(3571, 35, 'KOTA KEDIRI', NULL, NULL),
(3572, 35, 'KOTA BLITAR', NULL, NULL),
(3573, 35, 'KOTA MALANG', NULL, NULL),
(3574, 35, 'KOTA PROBOLINGGO', NULL, NULL),
(3575, 35, 'KOTA PASURUAN', NULL, NULL),
(3576, 35, 'KOTA MOJOKERTO', NULL, NULL),
(3577, 35, 'KOTA MADIUN', NULL, NULL),
(3578, 35, 'KOTA SURABAYA', NULL, NULL),
(3579, 35, 'KOTA BATU', NULL, NULL),
(3601, 36, 'KABUPATEN PANDEGLANG', NULL, NULL),
(3602, 36, 'KABUPATEN LEBAK', NULL, NULL),
(3603, 36, 'KABUPATEN TANGERANG', NULL, NULL),
(3604, 36, 'KABUPATEN SERANG', NULL, NULL),
(3671, 36, 'KOTA TANGERANG', NULL, NULL),
(3672, 36, 'KOTA CILEGON', NULL, NULL),
(3673, 36, 'KOTA SERANG', NULL, NULL),
(3674, 36, 'KOTA TANGERANG SELATAN', NULL, NULL),
(5101, 51, 'KABUPATEN JEMBRANA', NULL, NULL),
(5102, 51, 'KABUPATEN TABANAN', NULL, NULL),
(5103, 51, 'KABUPATEN BADUNG', NULL, NULL),
(5104, 51, 'KABUPATEN GIANYAR', NULL, NULL),
(5105, 51, 'KABUPATEN KLUNGKUNG', NULL, NULL),
(5106, 51, 'KABUPATEN BANGLI', NULL, NULL),
(5107, 51, 'KABUPATEN KARANG ASEM', NULL, NULL),
(5108, 51, 'KABUPATEN BULELENG', NULL, NULL),
(5171, 51, 'KOTA DENPASAR', NULL, NULL),
(5201, 52, 'KABUPATEN LOMBOK BARAT', NULL, NULL),
(5202, 52, 'KABUPATEN LOMBOK TENGAH', NULL, NULL),
(5203, 52, 'KABUPATEN LOMBOK TIMUR', NULL, NULL),
(5204, 52, 'KABUPATEN SUMBAWA', NULL, NULL),
(5205, 52, 'KABUPATEN DOMPU', NULL, NULL),
(5206, 52, 'KABUPATEN BIMA', NULL, NULL),
(5207, 52, 'KABUPATEN SUMBAWA BARAT', NULL, NULL),
(5208, 52, 'KABUPATEN LOMBOK UTARA', NULL, NULL),
(5271, 52, 'KOTA MATARAM', NULL, NULL),
(5272, 52, 'KOTA BIMA', NULL, NULL),
(5301, 53, 'KABUPATEN SUMBA BARAT', NULL, NULL),
(5302, 53, 'KABUPATEN SUMBA TIMUR', NULL, NULL),
(5303, 53, 'KABUPATEN KUPANG', NULL, NULL),
(5304, 53, 'KABUPATEN TIMOR TENGAH SELATAN', NULL, NULL),
(5305, 53, 'KABUPATEN TIMOR TENGAH UTARA', NULL, NULL),
(5306, 53, 'KABUPATEN BELU', NULL, NULL),
(5307, 53, 'KABUPATEN ALOR', NULL, NULL),
(5308, 53, 'KABUPATEN LEMBATA', NULL, NULL),
(5309, 53, 'KABUPATEN FLORES TIMUR', NULL, NULL),
(5310, 53, 'KABUPATEN SIKKA', NULL, NULL),
(5311, 53, 'KABUPATEN ENDE', NULL, NULL),
(5312, 53, 'KABUPATEN NGADA', NULL, NULL),
(5313, 53, 'KABUPATEN MANGGARAI', NULL, NULL),
(5314, 53, 'KABUPATEN ROTE NDAO', NULL, NULL),
(5315, 53, 'KABUPATEN MANGGARAI BARAT', NULL, NULL),
(5316, 53, 'KABUPATEN SUMBA TENGAH', NULL, NULL),
(5317, 53, 'KABUPATEN SUMBA BARAT DAYA', NULL, NULL),
(5318, 53, 'KABUPATEN NAGEKEO', NULL, NULL),
(5319, 53, 'KABUPATEN MANGGARAI TIMUR', NULL, NULL),
(5320, 53, 'KABUPATEN SABU RAIJUA', NULL, NULL),
(5321, 53, 'KABUPATEN MALAKA', NULL, NULL),
(5371, 53, 'KOTA KUPANG', NULL, NULL),
(6101, 61, 'KABUPATEN SAMBAS', NULL, NULL),
(6102, 61, 'KABUPATEN BENGKAYANG', NULL, NULL),
(6103, 61, 'KABUPATEN LANDAK', NULL, NULL),
(6104, 61, 'KABUPATEN MEMPAWAH', NULL, NULL),
(6105, 61, 'KABUPATEN SANGGAU', NULL, NULL),
(6106, 61, 'KABUPATEN KETAPANG', NULL, NULL),
(6107, 61, 'KABUPATEN SINTANG', NULL, NULL),
(6108, 61, 'KABUPATEN KAPUAS HULU', NULL, NULL),
(6109, 61, 'KABUPATEN SEKADAU', NULL, NULL),
(6110, 61, 'KABUPATEN MELAWI', NULL, NULL),
(6111, 61, 'KABUPATEN KAYONG UTARA', NULL, NULL),
(6112, 61, 'KABUPATEN KUBU RAYA', NULL, NULL),
(6171, 61, 'KOTA PONTIANAK', NULL, NULL),
(6172, 61, 'KOTA SINGKAWANG', NULL, NULL),
(6201, 62, 'KABUPATEN KOTAWARINGIN BARAT', NULL, NULL),
(6202, 62, 'KABUPATEN KOTAWARINGIN TIMUR', NULL, NULL),
(6203, 62, 'KABUPATEN KAPUAS', NULL, NULL),
(6204, 62, 'KABUPATEN BARITO SELATAN', NULL, NULL),
(6205, 62, 'KABUPATEN BARITO UTARA', NULL, NULL),
(6206, 62, 'KABUPATEN SUKAMARA', NULL, NULL),
(6207, 62, 'KABUPATEN LAMANDAU', NULL, NULL),
(6208, 62, 'KABUPATEN SERUYAN', NULL, NULL),
(6209, 62, 'KABUPATEN KATINGAN', NULL, NULL),
(6210, 62, 'KABUPATEN PULANG PISAU', NULL, NULL),
(6211, 62, 'KABUPATEN GUNUNG MAS', NULL, NULL),
(6212, 62, 'KABUPATEN BARITO TIMUR', NULL, NULL),
(6213, 62, 'KABUPATEN MURUNG RAYA', NULL, NULL),
(6271, 62, 'KOTA PALANGKA RAYA', NULL, NULL),
(6301, 63, 'KABUPATEN TANAH LAUT', NULL, NULL),
(6302, 63, 'KABUPATEN KOTA BARU', NULL, NULL),
(6303, 63, 'KABUPATEN BANJAR', NULL, NULL),
(6304, 63, 'KABUPATEN BARITO KUALA', NULL, NULL),
(6305, 63, 'KABUPATEN TAPIN', NULL, NULL),
(6306, 63, 'KABUPATEN HULU SUNGAI SELATAN', NULL, NULL),
(6307, 63, 'KABUPATEN HULU SUNGAI TENGAH', NULL, NULL),
(6308, 63, 'KABUPATEN HULU SUNGAI UTARA', NULL, NULL),
(6309, 63, 'KABUPATEN TABALONG', NULL, NULL),
(6310, 63, 'KABUPATEN TANAH BUMBU', NULL, NULL),
(6311, 63, 'KABUPATEN BALANGAN', NULL, NULL),
(6371, 63, 'KOTA BANJARMASIN', NULL, NULL),
(6372, 63, 'KOTA BANJAR BARU', NULL, NULL),
(6401, 64, 'KABUPATEN PASER', NULL, NULL),
(6402, 64, 'KABUPATEN KUTAI BARAT', NULL, NULL),
(6403, 64, 'KABUPATEN KUTAI KARTANEGARA', NULL, NULL),
(6404, 64, 'KABUPATEN KUTAI TIMUR', NULL, NULL),
(6405, 64, 'KABUPATEN BERAU', NULL, NULL),
(6409, 64, 'KABUPATEN PENAJAM PASER UTARA', NULL, NULL),
(6411, 64, 'KABUPATEN MAHAKAM HULU', NULL, NULL),
(6471, 64, 'KOTA BALIKPAPAN', NULL, NULL),
(6472, 64, 'KOTA SAMARINDA', NULL, NULL),
(6474, 64, 'KOTA BONTANG', NULL, NULL),
(6501, 65, 'KABUPATEN MALINAU', NULL, NULL),
(6502, 65, 'KABUPATEN BULUNGAN', NULL, NULL),
(6503, 65, 'KABUPATEN TANA TIDUNG', NULL, NULL),
(6504, 65, 'KABUPATEN NUNUKAN', NULL, NULL),
(6571, 65, 'KOTA TARAKAN', NULL, NULL),
(7101, 71, 'KABUPATEN BOLAANG MONGONDOW', NULL, NULL),
(7102, 71, 'KABUPATEN MINAHASA', NULL, NULL),
(7103, 71, 'KABUPATEN KEPULAUAN SANGIHE', NULL, NULL),
(7104, 71, 'KABUPATEN KEPULAUAN TALAUD', NULL, NULL),
(7105, 71, 'KABUPATEN MINAHASA SELATAN', NULL, NULL),
(7106, 71, 'KABUPATEN MINAHASA UTARA', NULL, NULL),
(7107, 71, 'KABUPATEN BOLAANG MONGONDOW UTARA', NULL, NULL),
(7108, 71, 'KABUPATEN SIAU TAGULANDANG BIARO', NULL, NULL),
(7109, 71, 'KABUPATEN MINAHASA TENGGARA', NULL, NULL),
(7110, 71, 'KABUPATEN BOLAANG MONGONDOW SELATAN', NULL, NULL),
(7111, 71, 'KABUPATEN BOLAANG MONGONDOW TIMUR', NULL, NULL),
(7171, 71, 'KOTA MANADO', NULL, NULL),
(7172, 71, 'KOTA BITUNG', NULL, NULL),
(7173, 71, 'KOTA TOMOHON', NULL, NULL),
(7174, 71, 'KOTA KOTAMOBAGU', NULL, NULL),
(7201, 72, 'KABUPATEN BANGGAI KEPULAUAN', NULL, NULL),
(7202, 72, 'KABUPATEN BANGGAI', NULL, NULL),
(7203, 72, 'KABUPATEN MOROWALI', NULL, NULL),
(7204, 72, 'KABUPATEN POSO', NULL, NULL),
(7205, 72, 'KABUPATEN DONGGALA', NULL, NULL),
(7206, 72, 'KABUPATEN TOLI-TOLI', NULL, NULL),
(7207, 72, 'KABUPATEN BUOL', NULL, NULL),
(7208, 72, 'KABUPATEN PARIGI MOUTONG', NULL, NULL),
(7209, 72, 'KABUPATEN TOJO UNA-UNA', NULL, NULL),
(7210, 72, 'KABUPATEN SIGI', NULL, NULL),
(7211, 72, 'KABUPATEN BANGGAI LAUT', NULL, NULL),
(7212, 72, 'KABUPATEN MOROWALI UTARA', NULL, NULL),
(7271, 72, 'KOTA PALU', NULL, NULL),
(7301, 73, 'KABUPATEN KEPULAUAN SELAYAR', NULL, NULL),
(7302, 73, 'KABUPATEN BULUKUMBA', NULL, NULL),
(7303, 73, 'KABUPATEN BANTAENG', NULL, NULL),
(7304, 73, 'KABUPATEN JENEPONTO', NULL, NULL),
(7305, 73, 'KABUPATEN TAKALAR', NULL, NULL),
(7306, 73, 'KABUPATEN GOWA', NULL, NULL),
(7307, 73, 'KABUPATEN SINJAI', NULL, NULL),
(7308, 73, 'KABUPATEN MAROS', NULL, NULL),
(7309, 73, 'KABUPATEN PANGKAJENE DAN KEPULAUAN', NULL, NULL),
(7310, 73, 'KABUPATEN BARRU', NULL, NULL),
(7311, 73, 'KABUPATEN BONE', NULL, NULL),
(7312, 73, 'KABUPATEN SOPPENG', NULL, NULL),
(7313, 73, 'KABUPATEN WAJO', NULL, NULL),
(7314, 73, 'KABUPATEN SIDENRENG RAPPANG', NULL, NULL),
(7315, 73, 'KABUPATEN PINRANG', NULL, NULL),
(7316, 73, 'KABUPATEN ENREKANG', NULL, NULL),
(7317, 73, 'KABUPATEN LUWU', NULL, NULL),
(7318, 73, 'KABUPATEN TANA TORAJA', NULL, NULL),
(7322, 73, 'KABUPATEN LUWU UTARA', NULL, NULL),
(7325, 73, 'KABUPATEN LUWU TIMUR', NULL, NULL),
(7326, 73, 'KABUPATEN TORAJA UTARA', NULL, NULL),
(7371, 73, 'KOTA MAKASSAR', NULL, NULL),
(7372, 73, 'KOTA PAREPARE', NULL, NULL),
(7373, 73, 'KOTA PALOPO', NULL, NULL),
(7401, 74, 'KABUPATEN BUTON', NULL, NULL),
(7402, 74, 'KABUPATEN MUNA', NULL, NULL),
(7403, 74, 'KABUPATEN KONAWE', NULL, NULL),
(7404, 74, 'KABUPATEN KOLAKA', NULL, NULL),
(7405, 74, 'KABUPATEN KONAWE SELATAN', NULL, NULL),
(7406, 74, 'KABUPATEN BOMBANA', NULL, NULL),
(7407, 74, 'KABUPATEN WAKATOBI', NULL, NULL),
(7408, 74, 'KABUPATEN KOLAKA UTARA', NULL, NULL),
(7409, 74, 'KABUPATEN BUTON UTARA', NULL, NULL),
(7410, 74, 'KABUPATEN KONAWE UTARA', NULL, NULL),
(7411, 74, 'KABUPATEN KOLAKA TIMUR', NULL, NULL),
(7412, 74, 'KABUPATEN KONAWE KEPULAUAN', NULL, NULL),
(7413, 74, 'KABUPATEN MUNA BARAT', NULL, NULL),
(7414, 74, 'KABUPATEN BUTON TENGAH', NULL, NULL),
(7415, 74, 'KABUPATEN BUTON SELATAN', NULL, NULL),
(7471, 74, 'KOTA KENDARI', NULL, NULL),
(7472, 74, 'KOTA BAUBAU', NULL, NULL),
(7501, 75, 'KABUPATEN BOALEMO', NULL, NULL),
(7502, 75, 'KABUPATEN GORONTALO', NULL, NULL),
(7503, 75, 'KABUPATEN POHUWATO', NULL, NULL),
(7504, 75, 'KABUPATEN BONE BOLANGO', NULL, NULL),
(7505, 75, 'KABUPATEN GORONTALO UTARA', NULL, NULL),
(7571, 75, 'KOTA GORONTALO', NULL, NULL),
(7601, 76, 'KABUPATEN MAJENE', NULL, NULL),
(7602, 76, 'KABUPATEN POLEWALI MANDAR', NULL, NULL),
(7603, 76, 'KABUPATEN MAMASA', NULL, NULL),
(7604, 76, 'KABUPATEN MAMUJU', NULL, NULL),
(7605, 76, 'KABUPATEN MAMUJU UTARA', NULL, NULL),
(7606, 76, 'KABUPATEN MAMUJU TENGAH', NULL, NULL),
(8101, 81, 'KABUPATEN MALUKU TENGGARA BARAT', NULL, NULL),
(8102, 81, 'KABUPATEN MALUKU TENGGARA', NULL, NULL),
(8103, 81, 'KABUPATEN MALUKU TENGAH', NULL, NULL),
(8104, 81, 'KABUPATEN BURU', NULL, NULL),
(8105, 81, 'KABUPATEN KEPULAUAN ARU', NULL, NULL),
(8106, 81, 'KABUPATEN SERAM BAGIAN BARAT', NULL, NULL),
(8107, 81, 'KABUPATEN SERAM BAGIAN TIMUR', NULL, NULL),
(8108, 81, 'KABUPATEN MALUKU BARAT DAYA', NULL, NULL),
(8109, 81, 'KABUPATEN BURU SELATAN', NULL, NULL),
(8171, 81, 'KOTA AMBON', NULL, NULL),
(8172, 81, 'KOTA TUAL', NULL, NULL),
(8201, 82, 'KABUPATEN HALMAHERA BARAT', NULL, NULL),
(8202, 82, 'KABUPATEN HALMAHERA TENGAH', NULL, NULL),
(8203, 82, 'KABUPATEN KEPULAUAN SULA', NULL, NULL),
(8204, 82, 'KABUPATEN HALMAHERA SELATAN', NULL, NULL),
(8205, 82, 'KABUPATEN HALMAHERA UTARA', NULL, NULL),
(8206, 82, 'KABUPATEN HALMAHERA TIMUR', NULL, NULL),
(8207, 82, 'KABUPATEN PULAU MOROTAI', NULL, NULL),
(8208, 82, 'KABUPATEN PULAU TALIABU', NULL, NULL),
(8271, 82, 'KOTA TERNATE', NULL, NULL),
(8272, 82, 'KOTA TIDORE KEPULAUAN', NULL, NULL),
(9101, 91, 'KABUPATEN FAKFAK', NULL, NULL),
(9102, 91, 'KABUPATEN KAIMANA', NULL, NULL),
(9103, 91, 'KABUPATEN TELUK WONDAMA', NULL, NULL),
(9104, 91, 'KABUPATEN TELUK BINTUNI', NULL, NULL),
(9105, 91, 'KABUPATEN MANOKWARI', NULL, NULL),
(9106, 91, 'KABUPATEN SORONG SELATAN', NULL, NULL),
(9107, 91, 'KABUPATEN SORONG', NULL, NULL),
(9108, 91, 'KABUPATEN RAJA AMPAT', NULL, NULL),
(9109, 91, 'KABUPATEN TAMBRAUW', NULL, NULL),
(9110, 91, 'KABUPATEN MAYBRAT', NULL, NULL),
(9111, 91, 'KABUPATEN MANOKWARI SELATAN', NULL, NULL),
(9112, 91, 'KABUPATEN PEGUNUNGAN ARFAK', NULL, NULL),
(9171, 91, 'KOTA SORONG', NULL, NULL),
(9401, 94, 'KABUPATEN MERAUKE', NULL, NULL),
(9402, 94, 'KABUPATEN JAYAWIJAYA', NULL, NULL),
(9403, 94, 'KABUPATEN JAYAPURA', NULL, NULL),
(9404, 94, 'KABUPATEN NABIRE', NULL, NULL),
(9408, 94, 'KABUPATEN KEPULAUAN YAPEN', NULL, NULL),
(9409, 94, 'KABUPATEN BIAK NUMFOR', NULL, NULL),
(9410, 94, 'KABUPATEN PANIAI', NULL, NULL),
(9411, 94, 'KABUPATEN PUNCAK JAYA', NULL, NULL),
(9412, 94, 'KABUPATEN MIMIKA', NULL, NULL),
(9413, 94, 'KABUPATEN BOVEN DIGOEL', NULL, NULL),
(9414, 94, 'KABUPATEN MAPPI', NULL, NULL),
(9415, 94, 'KABUPATEN ASMAT', NULL, NULL),
(9416, 94, 'KABUPATEN YAHUKIMO', NULL, NULL),
(9417, 94, 'KABUPATEN PEGUNUNGAN BINTANG', NULL, NULL),
(9418, 94, 'KABUPATEN TOLIKARA', NULL, NULL),
(9419, 94, 'KABUPATEN SARMI', NULL, NULL),
(9420, 94, 'KABUPATEN KEEROM', NULL, NULL),
(9426, 94, 'KABUPATEN WAROPEN', NULL, NULL),
(9427, 94, 'KABUPATEN SUPIORI', NULL, NULL),
(9428, 94, 'KABUPATEN MAMBERAMO RAYA', NULL, NULL),
(9429, 94, 'KABUPATEN NDUGA', NULL, NULL),
(9430, 94, 'KABUPATEN LANNY JAYA', NULL, NULL),
(9431, 94, 'KABUPATEN MAMBERAMO TENGAH', NULL, NULL),
(9432, 94, 'KABUPATEN YALIMO', NULL, NULL),
(9433, 94, 'KABUPATEN PUNCAK', NULL, NULL),
(9434, 94, 'KABUPATEN DOGIYAI', NULL, NULL),
(9435, 94, 'KABUPATEN INTAN JAYA', NULL, NULL),
(9436, 94, 'KABUPATEN DEIYAI', NULL, NULL),
(9471, 94, 'KOTA JAYAPURA', NULL, NULL);

-- --------------------------------------------------------

--
-- Struktur dari tabel `kas_admin`
--

CREATE TABLE `kas_admin` (
  `id_kas_admin` bigint(20) UNSIGNED NOT NULL,
  `penyewa_id` bigint(20) UNSIGNED DEFAULT NULL,
  `jenis` enum('Pemasukan','Pengeluaran') DEFAULT NULL,
  `kas_admin_masuk` int(11) DEFAULT NULL,
  `kas_admin_keluar` int(11) DEFAULT NULL,
  `total_kas_admin_satu` int(11) DEFAULT NULL,
  `total_kas_admin_semua` int(11) DEFAULT NULL,
  `tanggal` date DEFAULT NULL,
  `waktu_kas_masuk` datetime DEFAULT NULL,
  `waktu_kas_keluar` datetime DEFAULT NULL,
  `waktu_total_kas_admin_satu` datetime DEFAULT NULL,
  `waktu_total_kas_admin_semua` datetime DEFAULT NULL,
  `keterangan` varchar(255) DEFAULT NULL,
  `created_at` timestamp NULL DEFAULT NULL,
  `updated_at` timestamp NULL DEFAULT NULL
) ENGINE=InnoDB DEFAULT CHARSET=utf8mb4 COLLATE=utf8mb4_unicode_ci;

--
-- Dumping data untuk tabel `kas_admin`
--

INSERT INTO `kas_admin` (`id_kas_admin`, `penyewa_id`, `jenis`, `kas_admin_masuk`, `kas_admin_keluar`, `total_kas_admin_satu`, `total_kas_admin_semua`, `tanggal`, `waktu_kas_masuk`, `waktu_kas_keluar`, `waktu_total_kas_admin_satu`, `waktu_total_kas_admin_semua`, `keterangan`, `created_at`, `updated_at`) VALUES
(1, 1, 'Pemasukan', 21900000, NULL, 21900000, 21900000, NULL, NULL, NULL, NULL, NULL, 'Ini pemasukan pertama', NULL, NULL),
(6, 6, 'Pemasukan', 84000, 0, 21984000, 21984000, '2023-01-25', '2023-01-25 06:46:28', NULL, '2023-01-25 06:46:28', '2023-01-25 06:46:28', '-', '2023-01-24 23:46:28', '2023-01-24 23:46:28'),
(7, 7, 'Pemasukan', 79000, 0, 22063000, 22063000, '2023-01-25', '2023-01-25 06:47:28', NULL, '2023-01-25 06:47:28', '2023-01-25 06:47:28', '-', '2023-01-24 23:47:28', '2023-01-24 23:47:28'),
(9, 7, 'Pemasukan', 10000000, 0, 32063000, 32063000, '2023-01-26', '2023-01-26 06:49:50', NULL, '2023-01-26 06:49:50', '2023-01-26 06:49:50', 'Pemasukan Keuangan Asuransi pada Admin', '2023-01-25 23:49:50', '2023-01-25 23:49:50'),
(12, 7, 'Pemasukan', 20000000, 0, 52063000, 52063000, '2023-01-27', '2023-01-27 14:33:00', NULL, '2023-01-27 14:33:00', '2023-01-27 14:33:00', 'Pemasukan Keuangan Asuransi pada Admin', '2023-01-27 07:33:00', '2023-01-27 07:33:00'),
(13, 7, 'Pengeluaran', 0, 1000000, 51063000, 51063000, '2023-01-27', NULL, '2023-01-27 14:40:21', '2023-01-27 14:40:21', '2023-01-27 14:40:21', 'Pengeluaran Keuangan Asuransi pada Admin', '2023-01-27 07:40:21', '2023-01-27 07:40:21'),
(14, 7, 'Pengeluaran', 0, 2000000, 49063000, 49063000, '2023-01-27', NULL, '2023-01-27 14:40:46', '2023-01-27 14:40:46', '2023-01-27 14:40:46', 'Pengeluaran Keuangan Asuransi pada Admin', '2023-01-27 07:40:46', '2023-01-27 07:40:46'),
(15, 8, 'Pemasukan', 10000, 0, 49073000, 49073000, '2023-01-31', '2023-01-31 04:58:48', NULL, '2023-01-31 04:58:48', '2023-01-31 04:58:48', '-', '2023-01-30 21:58:48', '2023-01-30 21:58:48'),
(16, 9, 'Pemasukan', 23000, 0, 49096000, 49096000, '2023-02-08', '2023-02-08 08:25:44', NULL, '2023-02-08 08:25:44', '2023-02-08 08:25:44', '-', '2023-02-08 01:25:44', '2023-02-08 01:25:44'),
(17, 10, 'Pemasukan', 39000, 0, 49135000, 49135000, '2023-02-08', '2023-02-08 09:09:51', NULL, '2023-02-08 09:09:51', '2023-02-08 09:09:51', '-', '2023-02-08 02:09:51', '2023-02-08 02:09:51'),
(18, 11, 'Pemasukan', 49000, 0, 49184000, 49184000, '2023-02-13', '2023-02-13 22:45:24', NULL, '2023-02-13 22:45:24', '2023-02-13 22:45:24', '-', '2023-02-13 15:45:24', '2023-02-13 15:45:24'),
(19, 12, 'Pemasukan', 22000, 0, 49206000, 49206000, '2023-02-15', '2023-02-15 04:48:09', NULL, '2023-02-15 04:48:09', '2023-02-15 04:48:09', '-', '2023-02-14 21:48:09', '2023-02-14 21:48:09'),
(20, 13, 'Pemasukan', 19000, 0, 49225000, 49225000, '2023-02-15', '2023-02-15 06:40:12', NULL, '2023-02-15 06:40:12', '2023-02-15 06:40:12', '-', '2023-02-14 23:40:12', '2023-02-14 23:40:12');

-- --------------------------------------------------------

--
-- Struktur dari tabel `kas_asuransi`
--

CREATE TABLE `kas_asuransi` (
  `id_kas_asuransi` bigint(20) UNSIGNED NOT NULL,
  `penyewa_id` bigint(20) UNSIGNED DEFAULT NULL,
  `jenis` enum('Pemasukan','Pengeluaran') DEFAULT NULL,
  `kas_asuransi_masuk` int(11) DEFAULT NULL,
  `kas_asuransi_keluar` int(11) DEFAULT NULL,
  `total_keuangan_asuransi_satu` int(11) DEFAULT NULL,
  `total_keuangan_asuransi_semua` int(11) DEFAULT NULL,
  `tanggal` date DEFAULT NULL,
  `waktu_kas_masuk` datetime DEFAULT NULL,
  `waktu_kas_keluar` datetime DEFAULT NULL,
  `waktu_total_kas_asuransi_satu` datetime DEFAULT NULL,
  `waktu_total_kas_asuransi_semua` datetime DEFAULT NULL,
  `keterangan` varchar(255) DEFAULT NULL,
  `created_at` timestamp NULL DEFAULT NULL,
  `updated_at` timestamp NULL DEFAULT NULL
) ENGINE=InnoDB DEFAULT CHARSET=utf8mb4 COLLATE=utf8mb4_unicode_ci;

--
-- Dumping data untuk tabel `kas_asuransi`
--

INSERT INTO `kas_asuransi` (`id_kas_asuransi`, `penyewa_id`, `jenis`, `kas_asuransi_masuk`, `kas_asuransi_keluar`, `total_keuangan_asuransi_satu`, `total_keuangan_asuransi_semua`, `tanggal`, `waktu_kas_masuk`, `waktu_kas_keluar`, `waktu_total_kas_asuransi_satu`, `waktu_total_kas_asuransi_semua`, `keterangan`, `created_at`, `updated_at`) VALUES
(1, 1, 'Pemasukan', 43800000, NULL, 43800000, 43800000, NULL, NULL, NULL, NULL, NULL, 'Ini pemasukan pertama', NULL, NULL),
(6, 6, 'Pemasukan', 168000, 0, 43968000, 43968000, '2023-01-25', '2023-01-25 06:46:28', NULL, '2023-01-25 06:46:28', '2023-01-25 06:46:28', '-', '2023-01-24 23:46:28', '2023-01-24 23:46:28'),
(7, 7, 'Pemasukan', 158000, 0, 44126000, 44126000, '2023-01-25', '2023-01-25 06:47:28', NULL, '2023-01-25 06:47:28', '2023-01-25 06:47:28', '-', '2023-01-24 23:47:28', '2023-01-24 23:47:28'),
(8, 7, 'Pengeluaran', 0, 10000, 44116000, 44116000, '2023-01-25', NULL, '2023-01-25 09:04:30', '2023-01-25 09:04:30', '2023-01-25 09:04:30', 'Pengeluaran Keuangan Asuransi pada Admin', '2023-01-25 02:04:30', '2023-01-25 02:04:30'),
(9, 7, 'Pengeluaran', 0, 1000000, 43116000, 43116000, '2023-01-27', NULL, '2023-01-27 14:28:24', '2023-01-27 14:28:24', '2023-01-27 14:28:24', 'Pengeluaran Keuangan Asuransi pada Admin', '2023-01-27 07:28:24', '2023-01-27 07:28:24'),
(10, 7, 'Pemasukan', 1000000, 0, 44116000, 44116000, '2023-01-30', '2023-01-30 13:16:10', NULL, '2023-01-30 13:16:10', '2023-01-30 13:16:10', 'Pemasukan Keuangan Asuransi pada Admin', '2023-01-30 06:16:10', '2023-01-30 06:16:10'),
(11, 7, 'Pengeluaran', 0, 10000000, 34116000, 34116000, '2023-01-30', NULL, '2023-01-30 13:16:39', '2023-01-30 13:16:39', '2023-01-30 13:16:39', 'Pengeluaran Keuangan Asuransi pada Admin', '2023-01-30 06:16:39', '2023-01-30 06:16:39'),
(12, 8, 'Pemasukan', 20000, 0, 34136000, 34136000, '2023-01-31', '2023-01-31 04:58:48', NULL, '2023-01-31 04:58:48', '2023-01-31 04:58:48', '-', '2023-01-30 21:58:48', '2023-01-30 21:58:48'),
(13, 9, 'Pemasukan', 46000, 0, 34182000, 34182000, '2023-02-08', '2023-02-08 08:25:44', NULL, '2023-02-08 08:25:44', '2023-02-08 08:25:44', '-', '2023-02-08 01:25:44', '2023-02-08 01:25:44'),
(14, 10, 'Pemasukan', 78000, 0, 34260000, 34260000, '2023-02-08', '2023-02-08 09:09:51', NULL, '2023-02-08 09:09:51', '2023-02-08 09:09:51', '-', '2023-02-08 02:09:51', '2023-02-08 02:09:51'),
(15, 10, 'Pemasukan', 1000000, 0, 35260000, 35260000, '2023-02-13', '2023-02-13 06:02:21', NULL, '2023-02-13 06:02:21', '2023-02-13 06:02:21', 'Pemasukan Keuangan Asuransi pada Admin', '2023-02-12 23:02:21', '2023-02-12 23:02:21'),
(16, 10, 'Pengeluaran', 0, 10000000, 25260000, 25260000, '2023-02-13', NULL, '2023-02-13 06:02:35', '2023-02-13 06:02:35', '2023-02-13 06:02:35', 'Pengeluaran Keuangan Asuransi pada Admin', '2023-02-12 23:02:35', '2023-02-12 23:02:35'),
(17, 11, 'Pemasukan', 98000, 0, 25358000, 25358000, '2023-02-13', '2023-02-13 22:45:24', NULL, '2023-02-13 22:45:24', '2023-02-13 22:45:24', '-', '2023-02-13 15:45:24', '2023-02-13 15:45:24'),
(18, 12, 'Pemasukan', 44000, 0, 25402000, 25402000, '2023-02-15', '2023-02-15 04:48:09', NULL, '2023-02-15 04:48:09', '2023-02-15 04:48:09', '-', '2023-02-14 21:48:09', '2023-02-14 21:48:09'),
(19, 13, 'Pemasukan', 38000, 0, 25440000, 25440000, '2023-02-15', '2023-02-15 06:40:12', NULL, '2023-02-15 06:40:12', '2023-02-15 06:40:12', '-', '2023-02-14 23:40:12', '2023-02-14 23:40:12');

-- --------------------------------------------------------

--
-- Struktur dari tabel `migrations`
--

CREATE TABLE `migrations` (
  `id` int(10) UNSIGNED NOT NULL,
  `migration` varchar(255) NOT NULL,
  `batch` int(11) NOT NULL
) ENGINE=InnoDB DEFAULT CHARSET=utf8mb4 COLLATE=utf8mb4_unicode_ci;

--
-- Dumping data untuk tabel `migrations`
--

INSERT INTO `migrations` (`id`, `migration`, `batch`) VALUES
(1, '2014_10_12_100000_create_password_resets_table', 1),
(2, '2019_08_19_000000_create_failed_jobs_table', 1),
(3, '2019_12_14_000001_create_personal_access_tokens_table', 1),
(4, '2022_11_16_235717_create_users_table', 1),
(5, '2022_11_18_062552_create_perentals_table', 1),
(11, '2022_11_18_062702_create_mobils_table', 2),
(38, '2022_11_18_114812_create_penyewas_table', 28),
(39, '2022_11_19_010645_create_penyewa_details_table', 29),
(43, '2022_11_19_015413_create_kas_admins_table', 33),
(44, '2022_11_19_014638_create_kas_asuransis_table', 34);

-- --------------------------------------------------------

--
-- Struktur dari tabel `mobil`
--

CREATE TABLE `mobil` (
  `id_mobil` bigint(20) UNSIGNED NOT NULL,
  `perental_id` bigint(20) UNSIGNED NOT NULL,
  `jenis_mobil` varchar(255) NOT NULL,
  `slug_jenis_mobil` longtext DEFAULT NULL,
  `plat_nomor` varchar(255) NOT NULL,
  `warna` varchar(255) NOT NULL,
  `tanggal_didaftarkan` date DEFAULT NULL,
  `tanggal_terakhir_dirental` date DEFAULT NULL,
  `harga` bigint(20) DEFAULT NULL,
  `deskripsi_mobil` longtext DEFAULT NULL,
  `foto_mobil` longtext DEFAULT NULL,
  `status_penyewaan` enum('Belum_Disewa','Sudah_Disewa') DEFAULT NULL,
  `status_penggunaan_mobil` enum('Aktif','Non-Aktif') DEFAULT NULL,
  `created_at` timestamp NULL DEFAULT NULL,
  `updated_at` timestamp NULL DEFAULT NULL
) ENGINE=InnoDB DEFAULT CHARSET=utf8mb4 COLLATE=utf8mb4_unicode_ci;

--
-- Dumping data untuk tabel `mobil`
--

INSERT INTO `mobil` (`id_mobil`, `perental_id`, `jenis_mobil`, `slug_jenis_mobil`, `plat_nomor`, `warna`, `tanggal_didaftarkan`, `tanggal_terakhir_dirental`, `harga`, `deskripsi_mobil`, `foto_mobil`, `status_penyewaan`, `status_penggunaan_mobil`, `created_at`, `updated_at`) VALUES
(1, 3, 'Kijang Innova Venturer', 'kijang-innova-venturer-aditya-alan-setiawan-s6987vo', 'S6987VO', 'Black', '2020-06-16', NULL, 300000, 'Toyota Kijang Innova Venturer Type (white)\r\nPlat Nomor: S6987VO\r\n\r\nFitur:\r\n\r\n- Penggunaan mobil maks. 7 orang.\r\n- Bagasi lega.\r\n- Kabin yang nyaman.\r\n- Dilengkapi dengan SRS Airbag untuk tempat duduk bagian depan.\r\n- Terdapat sistem multimedia pada bagian tempat duduk depan dan belakang.\r\n\r\nSpesifikasi:\r\n- Mesin M20A-FKS 4 cylinders, in-line 16-Valve DOHC, chain drive Dual VVT-i (1.987 cc)\r\n- Menggunakan Sistem Bahan Bakar Direct injection, port injection D-4S system.\r\n- Kapasitas Tangki: 52 (L).\r\n- Menggunakan Stabilizer depan dan belakang.', 'foto_produk/BBND9hCpIB24kjNxEksJuBXuotmxxyUXPaJX0r0n.jpg', 'Belum_Disewa', 'Aktif', NULL, '2023-02-02 08:01:24'),
(2, 3, 'Toyota Kijang Innova V Type', 'toyota-kijang-innova-v-type-aditya-alan-setiawan-s6987la', 'S6987LA', 'Black', '2021-02-16', NULL, 200000, 'Toyota Kijang Innova V Type (black)\r\nPlat Nomor: S6987LA\r\n\r\n\r\nFitur:\r\n- Penggunaan mobil maks. 7 orang.\r\n- Bagasi lega.\r\n- Kabin yang nyaman.\r\n- Dilengkapi dengan SRS Airbag untuk tempat duduk bagian depan.\r\n- Dilengkapi juga dengan parking camera dan parking sensor.\r\n\r\nSpesifikasi:\r\n- Mesin M20A-FKS 4 cylinders, in-line 16-Valve DOHC, chain drive Dual VVT-i (1.987 cc)\r\n- Menggunakan Sistem Bahan Bakar Direct injection, port injection D-4S system.\r\n- Kapasitas Tangki: 52 (L).\r\n- Menggunakan Stabilizer depan dan belakang.', 'foto_produk/uczMdpvMatUOC47Iuw0ELqkbeTKNYb9uLvF8lotC.jpg', 'Belum_Disewa', 'Non-Aktif', NULL, '2023-02-14 21:48:09'),
(3, 3, 'All New Fortuner GR Sport', 'all-new-fortuner-gr-sport-aditya-alan-setiawan-w5127bo', 'W5127BO', 'black', '2020-06-23', NULL, 400000, 'All New Fortuner GR Sport (black)\r\nPlat Nomor: W5127BO\r\n\r\n\r\nFitur:\r\n- Penggunaan mobil maks. 7 orang.\r\n- Bagasi lega.\r\n- Kabin yang nyaman.\r\n- Dilengkapi dengan 7 SRS Airbag  (dual and knee and side and curtain shield airbags).\r\n- Terdapat sistem multimedia pada bagian tempat duduk  belakang.\r\n- Dilengkapi dengan Hill Start Assist (HSA).\r\n- Dilengkapi dengan Downhill Start Assist Control (DAC).\r\n- Menggunakan sistem rem ABS ( EBD + BA).\r\n- Menggunakan Vehicle Stability Control (VSC).\r\n\r\nSpesifikasi:\r\n- Mesin 1 GD FTV 4 Silinder Segaris, 4 Katup, DOHC, VNT Intercooler / 1 GD FTV, In-Line 4 Cylinders, 4 Valve, DOHC, VNT Intercooler(2.755 cc)\r\n- Menggunakan Sistem Bahan Bakar Sistem Injeksi dengan Common Rail / Common Rail Fuel Injection.\r\n- Menggunakan jenis bahan bakar diesel\r\n- Kapasitas Tangki: 80 (L).\r\n- Menggunakan Transamisi Otomatis 6 Tingkat Kecepatan dengan Sport Sequential Switchmatic / 6 Speed Automatic with Sport Sequential Switchmatic.\r\n- Menggunakan Sistem Penggerak 4 roda / Four-Wheel Drive.\r\n- Pada sistem rem depan dan belakang menggunakan Cakram Berventilasi / Ventilated Disc.', 'foto_produk/CZbg3Rn0468DWOhvNeJBGD3YNEP18lgHqsfm7TVE.jpg', 'Belum_Disewa', 'Aktif', '2022-12-27 05:04:26', '2023-02-14 23:40:12'),
(4, 9, 'Toyota New Alphard', 'toyota-new-alphard-avrey-ergi-putra-pratama-s131ba', 'S131BA', 'black', '2022-02-08', NULL, 500000, 'Toyota New Alphard (black)\r\nPlat Nomor: S131BA\r\n\r\n\r\nFitur:\r\n- Penggunaan mobil maks. 7 orang.\r\n- Bagasi lega.\r\n- Kabin yang nyaman dan elegan.\r\n- Dilengkapi dengan SRS Airbag untuk tempat duduk bagian depan.\r\n- Dilengkapi juga dengan parking camera dan parking sensor.\r\n- Terdapat sistem multimedia pada bagian tempat duduk depan dan belakang.\r\n- Dilengkapi dengan Atap SunRoof.\r\n- Dilengkapi dengan New Illumination Light Instrument Panel pada dalam kabin mobil.\r\n- Terdapat usb port untuk mengecas perangkat mobile.\r\n- Tempat Duduk yang Dapat Disesuaikan dengan keinginan pengguna.\r\n- Dilengkapi dengan Safety Sense (All Type) - PCS (Pre Collision System).\r\n- Dilengkapi dengan Lane Departure Alert with Steering Control.\r\n- Dilengkapi dengan Digital Rear View Mirror.\r\n\r\nSpesifikasi:\r\n- Mesin 2AR-FE, 4 Cylinders, in-line type, 16-valve DOHC, Chain Drive with Dual VVT-i (2.494 cc)\r\n- Menggunakan Sistem Bahan Bakar Electronic Fuel Injection (EFI).\r\n- Kapasitas Tangki: 75 (L), dengan bahan bakar bebas timbal.\r\n- Jenis DriveTrain FF-2 WD, bertransmisi CVT.\r\n- Menggunakan sistem kemudi Rack and Pinion with EPS.\r\n- Rem depan dan belakang menggunakan Ventilated Disc.\r\n- Menggunakan Stabilizer depan dan belakang.', 'foto_produk/PYeCFUlye9gJlMSCR6UdNNqRhVP5BuSG1KAv6d6U.jpg', 'Belum_Disewa', 'Aktif', '2022-12-27 08:38:22', '2023-01-30 21:58:48'),
(5, 9, 'Kijang Innova Zenix', 'kijang-innova-zenix-avrey-ergi-putra-pratama-s1857va', 'S1857VA', 'white', '2022-09-13', NULL, 300000, 'Toyota All New Kijang Innova Zenix (white)\r\nPlat Nomor: S1857VA\r\n\r\n\r\nFitur:\r\n- Penggunaan mobil maks. 7 orang.\r\n- Bagasi lega.\r\n- Kabin yang nyaman.\r\n- Dilengkapi dengan SRS Airbag untuk tempat duduk bagian depan.\r\n- Dilengkapi juga dengan parking camera dan parking sensor.\r\n- Terdapat sistem multimedia pada bagian tempat duduk depan dan belakang.\r\n- Dilengkapi dengan Atap SunRoof.\r\n- Dilengkapi dengan New Illumination Light Instrument Panel pada dalam kabin mobil.\r\n- Dilengkapi dengan smart door lock dengan (Smart Entry).\r\n\r\nSpesifikasi:\r\n- Mesin M20A-FKS 4 cylinders, in-line 16-Valve DOHC, chain drive Dual VVT-i (1.987 cc)\r\n- rasio kompresi 13,0 : 1.\r\n- Menggunakan Sistem Bahan Bakar Direct injection, port injection D-4S system.\r\n- Kapasitas Tangki: 52 (L).\r\n- Jenis DriveTrain 2WD (FF), bertransmisi CVT.\r\n- Rem depan dan belakang menggunakan Ventilated Disc.\r\n- Menggunakan sistem rem parkir Electric Parking Brake + Brake Hold\r\n- Menggunakan Stabilizer depan dan belakang.', 'foto_produk/klGVJpTp9ol4fbCmatd9pHWDXdipjnSXHb4Vj4P8.jpg', 'Belum_Disewa', 'Aktif', '2022-12-27 17:53:27', '2023-02-08 01:25:44'),
(6, 9, 'Toyota New Alphard XL', 'toyota-new-alphard-xl-avrey-ergi-putra-pratama-s1857va', 'S1857VA', 'black', '2023-01-02', NULL, 400000, 'Toyota New Alphard XL (black) \r\nPlat Nomor: S1857VA\r\n\r\n\r\nFitur:\r\n- Penggunaan mobil maks. 7 orang.\r\n- Bagasi lega.\r\n- Kabin yang nyaman.\r\n- Dilengkapi dengan SRS Airbag untuk tempat duduk bagian depan.\r\n- Dilengkapi juga dengan parking camera dan parking sensor.\r\n- Terdapat sistem multimedia pada bagian tempat duduk depan dan belakang.\r\n- Dilengkapi dengan Atap SunRoof.\r\n- Dilengkapi dengan New Illumination Light Instrument Panel pada dalam kabin mobil.\r\n- Dilengkapi dengan smart door lock dengan (Smart Entry).\r\n\r\nSpesifikasi:\r\n- Mesin M20A-FKS 4 cylinders, in-line 16-Valve DOHC, chain drive Dual VVT-i (1.987 cc)\r\n- rasio kompresi 13,0 : 1.\r\n- Menggunakan Sistem Bahan Bakar Direct injection, port injection D-4S system.\r\n- Kapasitas Tangki: 52 (L).\r\n- Jenis DriveTrain 2WD (FF), bertransmisi CVT.\r\n- Rem depan dan belakang menggunakan Ventilated Disc.\r\n- Menggunakan sistem rem parkir Electric Parking Brake + Brake Hold\r\n- Menggunakan Stabilizer depan dan belakang.', 'foto_produk/jJEXr9FqIfb4jWVZ3Ngvza1yVuY6GkJnNl1CVmE8.jpg', 'Belum_Disewa', 'Aktif', '2023-01-01 23:24:11', '2023-02-08 02:09:51'),
(7, 10, 'Avanza', 'avanza-dinda-shakila-putri-s1857vg', 'S1857VG', 'white', '2023-02-15', NULL, 500000, 'Avanza (white)\r\nPlat Nomor: S1857VG\r\n\r\n\r\nFitur:\r\n- Penggunaan mobil maks. 7 orang.\r\n- Bagasi lega.\r\n- Kabin yang nyaman.\r\n- Dilengkapi dengan SRS Airbag untuk tempat duduk bagian depan.\r\n- Dilengkapi juga dengan parking camera dan parking sensor.\r\n- Terdapat sistem multimedia pada bagian tempat duduk depan dan belakang.\r\n- Dilengkapi dengan Atap SunRoof.\r\n- Dilengkapi dengan New Illumination Light Instrument Panel pada dalam kabin mobil.\r\n- Dilengkapi dengan smart door lock dengan (Smart Entry).\r\n\r\nSpesifikasi:\r\n- Mesin M20A-FKS 4 cylinders, in-line 16-Valve DOHC, chain drive Dual VVT-i (1.987 cc)\r\n- rasio kompresi 13,0 : 1.\r\n- Menggunakan Sistem Bahan Bakar Direct injection, port injection D-4S system.\r\n- Kapasitas Tangki: 52 (L).\r\n- Jenis DriveTrain 2WD (FF), bertransmisi CVT.\r\n- Rem depan dan belakang menggunakan Ventilated Disc.\r\n- Menggunakan sistem rem parkir Electric Parking Brake + Brake Hold\r\n- Menggunakan Stabilizer depan dan belakang.', 'foto_produk/mSNtQgUdI9beP70Z3TojPjTgNlPBgs1zndWi1Lo8.jpg', 'Belum_Disewa', 'Aktif', '2023-02-14 23:29:02', '2023-02-14 23:29:02');

-- --------------------------------------------------------

--
-- Struktur dari tabel `password_resets`
--

CREATE TABLE `password_resets` (
  `email` varchar(255) NOT NULL,
  `token` varchar(255) NOT NULL,
  `created_at` timestamp NULL DEFAULT NULL
) ENGINE=InnoDB DEFAULT CHARSET=utf8mb4 COLLATE=utf8mb4_unicode_ci;

-- --------------------------------------------------------

--
-- Struktur dari tabel `penyewa`
--

CREATE TABLE `penyewa` (
  `id_penyewa` bigint(20) UNSIGNED NOT NULL,
  `kode_invoice` varchar(255) DEFAULT NULL,
  `users_id` bigint(20) UNSIGNED DEFAULT NULL,
  `status_penyewaan` enum('Berjalan','Selesai','Dibatalkan','Mobil_Sudah_Datang','Mobil_Sudah_Dikembalikan_Ke_Admin','Mobil_Belum_Datang') NOT NULL,
  `status_pembayaran_penyewa` enum('Belum-Selesai','Selesai') NOT NULL,
  `status_pembayaran_perental` enum('Belum-Selesai','Selesai') NOT NULL,
  `waktu_mobil_datang` datetime DEFAULT NULL,
  `waktu_penyewaan_berjalan` datetime DEFAULT NULL,
  `waktu_penyewa_mengembalikan_mobil` datetime DEFAULT NULL,
  `waktu_pembayaran_penyewa` datetime DEFAULT NULL,
  `waktu_pembayaran_perental` datetime DEFAULT NULL,
  `waktu_mobil_dibawa_perental` datetime DEFAULT NULL,
  `created_at` timestamp NULL DEFAULT NULL,
  `updated_at` timestamp NULL DEFAULT NULL
) ENGINE=InnoDB DEFAULT CHARSET=utf8mb4 COLLATE=utf8mb4_unicode_ci;

--
-- Dumping data untuk tabel `penyewa`
--

INSERT INTO `penyewa` (`id_penyewa`, `kode_invoice`, `users_id`, `status_penyewaan`, `status_pembayaran_penyewa`, `status_pembayaran_perental`, `waktu_mobil_datang`, `waktu_penyewaan_berjalan`, `waktu_penyewa_mengembalikan_mobil`, `waktu_pembayaran_penyewa`, `waktu_pembayaran_perental`, `waktu_mobil_dibawa_perental`, `created_at`, `updated_at`) VALUES
(1, 'INV-null-3576-35-1', 2, 'Selesai', 'Selesai', 'Selesai', NULL, NULL, NULL, NULL, NULL, NULL, NULL, NULL),
(6, 'INV-20230125-3573-35-6', 7, 'Selesai', 'Selesai', 'Selesai', '2023-01-25 06:46:05', '2023-01-25 06:46:12', '2023-01-25 06:46:28', '2023-01-25 06:46:28', '2023-01-30 01:06:59', '2023-01-30 01:06:59', '2023-01-24 23:45:56', '2023-01-29 18:06:59'),
(7, 'INV-20230125-3573-35-7', 7, 'Selesai', 'Selesai', 'Selesai', '2023-01-25 06:46:52', '2023-01-25 06:47:06', '2023-01-25 06:47:28', '2023-01-25 06:47:28', '2023-01-30 01:06:59', '2023-01-30 01:06:59', '2023-01-24 23:46:52', '2023-01-29 18:06:59'),
(8, 'INV-20230125-3573-35-8', 5, 'Selesai', 'Selesai', 'Selesai', '2023-01-25 20:37:20', '2023-01-25 20:37:43', '2023-01-31 04:58:48', '2023-01-31 04:58:48', '2023-02-08 09:08:11', '2023-02-08 09:08:11', '2023-01-25 13:36:45', '2023-02-08 02:08:11'),
(9, 'INV-20230208-3573-35-9', 5, 'Selesai', 'Selesai', 'Selesai', '2023-02-08 07:19:00', '2023-02-08 07:44:25', '2023-02-08 08:25:44', '2023-02-08 08:25:44', '2023-02-08 09:08:11', '2023-02-08 09:08:11', '2023-02-07 23:44:06', '2023-02-08 02:08:11'),
(10, 'INV-20230208-3573-35-10', 7, 'Selesai', 'Selesai', 'Selesai', '2023-02-08 09:09:02', '2023-02-08 09:09:14', '2023-02-08 09:09:51', '2023-02-08 09:09:51', '2023-02-13 22:47:32', '2023-02-13 22:47:32', '2023-02-08 02:08:51', '2023-02-13 15:47:32'),
(11, 'INV-20230213-3573-35-11', 5, 'Selesai', 'Selesai', 'Selesai', '2023-02-13 22:41:33', '2023-02-13 22:42:22', '2023-02-13 22:45:24', '2023-02-13 22:45:24', '2023-02-13 22:47:55', '2023-02-13 22:47:55', '2023-02-13 15:31:05', '2023-02-13 15:47:55'),
(12, 'INV-20230215-3573-35-12', 12, 'Selesai', 'Selesai', 'Selesai', '2023-02-15 04:47:19', '2023-02-15 04:47:34', '2023-02-15 04:48:09', '2023-02-15 04:48:09', '2023-02-15 04:48:20', '2023-02-15 04:48:20', '2023-02-14 21:32:44', '2023-02-14 21:48:20'),
(13, 'INV-20230215-3516-35-13', 13, 'Selesai', 'Selesai', 'Selesai', '2023-02-15 06:35:34', '2023-02-15 06:37:43', '2023-02-15 06:40:12', '2023-02-15 06:40:12', '2023-02-15 06:43:47', '2023-02-15 06:43:47', '2023-02-14 23:33:20', '2023-02-14 23:43:47');

-- --------------------------------------------------------

--
-- Struktur dari tabel `penyewa_detail`
--

CREATE TABLE `penyewa_detail` (
  `id_penyewa_detail` bigint(20) UNSIGNED NOT NULL,
  `penyewa_id` bigint(20) UNSIGNED DEFAULT NULL,
  `kabupaten_id` bigint(20) UNSIGNED DEFAULT NULL,
  `mobil_id` bigint(20) UNSIGNED DEFAULT NULL,
  `tanggal_penyewaan` date DEFAULT NULL,
  `tanggal_pengembalian` date DEFAULT NULL,
  `total_harga` bigint(20) DEFAULT NULL,
  `nominal_pembayaran` bigint(20) DEFAULT NULL,
  `kembalian` bigint(20) DEFAULT NULL,
  `total_uang_bersih_perental` bigint(20) DEFAULT NULL,
  `keterangan` varchar(255) DEFAULT NULL,
  `rating` double(10,1) DEFAULT NULL,
  `created_at` timestamp NULL DEFAULT NULL,
  `updated_at` timestamp NULL DEFAULT NULL
) ENGINE=InnoDB DEFAULT CHARSET=utf8mb4 COLLATE=utf8mb4_unicode_ci;

--
-- Dumping data untuk tabel `penyewa_detail`
--

INSERT INTO `penyewa_detail` (`id_penyewa_detail`, `penyewa_id`, `kabupaten_id`, `mobil_id`, `tanggal_penyewaan`, `tanggal_pengembalian`, `total_harga`, `nominal_pembayaran`, `kembalian`, `total_uang_bersih_perental`, `keterangan`, `rating`, `created_at`, `updated_at`) VALUES
(1, 1, 3576, 1, '2010-11-19', '2022-11-20', 2190000000, 0, 2190000000, 2124300000, NULL, NULL, NULL, NULL),
(6, 6, 3573, 3, '2023-01-27', '2023-02-11', 8400000, 8400000, 0, 8148000, '-', 5.0, '2023-01-24 23:45:56', '2023-01-24 23:46:28'),
(7, 7, 3573, 3, '2023-01-27', '2023-02-10', 7900000, 9000000, 1100000, 7663000, '-', 5.0, '2023-01-24 23:46:52', '2023-01-24 23:47:28'),
(8, 8, 3573, 4, '2023-01-27', '2023-01-27', 1000000, 2000000, 1000000, 970000, '-', 5.0, '2023-01-25 13:36:45', '2023-01-30 21:58:48'),
(9, 9, 3573, 5, '2023-02-10', '2023-02-13', 2300000, 2300000, 0, 2231000, '-', 0.0, '2023-02-07 23:44:06', '2023-02-08 01:25:44'),
(10, 10, 3573, 6, '2023-02-10', '2023-02-16', 3900000, 4000000, 100000, 3783000, 'Perentalnya ramah, mobilnya bagus', 5.0, '2023-02-08 02:08:51', '2023-02-08 02:09:51'),
(11, 11, 3573, 3, '2023-02-16', '2023-02-24', 4900000, 4900000, 0, 4753000, '-', 5.0, '2023-02-13 15:31:05', '2023-02-13 15:45:24'),
(12, 12, 3573, 2, '2023-02-21', '2023-02-24', 2200000, 2200000, 0, 2134000, '-', 4.5, '2023-02-14 21:32:44', '2023-02-14 21:48:09'),
(13, 13, 3516, 3, '2023-02-20', '2023-02-22', 1900000, 1900000, 0, 1843000, '-', 5.0, '2023-02-14 23:33:20', '2023-02-14 23:40:12');

-- --------------------------------------------------------

--
-- Struktur dari tabel `perental`
--

CREATE TABLE `perental` (
  `id_perental` bigint(20) UNSIGNED NOT NULL,
  `users_id` bigint(20) UNSIGNED DEFAULT NULL,
  `keterangan` text DEFAULT NULL,
  `status_perental` enum('Aktif','Non-Aktif') DEFAULT NULL,
  `created_at` timestamp NULL DEFAULT NULL,
  `updated_at` timestamp NULL DEFAULT NULL
) ENGINE=InnoDB DEFAULT CHARSET=utf8mb4 COLLATE=utf8mb4_unicode_ci;

--
-- Dumping data untuk tabel `perental`
--

INSERT INTO `perental` (`id_perental`, `users_id`, `keterangan`, `status_perental`, `created_at`, `updated_at`) VALUES
(1, 4, '-', 'Aktif', NULL, '2023-02-07 05:44:42'),
(3, 6, 'Perental yang cerewet', 'Aktif', '2022-12-23 20:42:00', '2022-12-23 23:50:09'),
(9, 8, '-', 'Aktif', '2022-12-23 21:34:24', '2022-12-27 02:34:51'),
(10, 14, '-', 'Aktif', '2023-02-14 23:24:17', '2023-02-14 23:24:17');

-- --------------------------------------------------------

--
-- Struktur dari tabel `personal_access_tokens`
--

CREATE TABLE `personal_access_tokens` (
  `id` bigint(20) UNSIGNED NOT NULL,
  `tokenable_type` varchar(255) NOT NULL,
  `tokenable_id` bigint(20) UNSIGNED NOT NULL,
  `name` varchar(255) NOT NULL,
  `token` varchar(64) NOT NULL,
  `abilities` text DEFAULT NULL,
  `last_used_at` timestamp NULL DEFAULT NULL,
  `expires_at` timestamp NULL DEFAULT NULL,
  `created_at` timestamp NULL DEFAULT NULL,
  `updated_at` timestamp NULL DEFAULT NULL
) ENGINE=InnoDB DEFAULT CHARSET=utf8mb4 COLLATE=utf8mb4_unicode_ci;

-- --------------------------------------------------------

--
-- Struktur dari tabel `users`
--

CREATE TABLE `users` (
  `id` bigint(20) UNSIGNED NOT NULL,
  `nama_lengkap` varchar(255) NOT NULL,
  `username` varchar(255) NOT NULL,
  `email` varchar(255) NOT NULL,
  `password` varchar(255) NOT NULL,
  `no_telp` varchar(15) DEFAULT NULL,
  `tempat_lahir` bigint(20) UNSIGNED DEFAULT NULL,
  `tanggal_lahir` date DEFAULT NULL,
  `umur` int(11) DEFAULT NULL,
  `domisili_sekarang` bigint(20) UNSIGNED DEFAULT NULL,
  `alamat_lengkap` text DEFAULT NULL,
  `status_akun` enum('Perental','Penyewa') DEFAULT NULL,
  `status_pengguna` enum('Aktif','Non-Aktif') DEFAULT NULL,
  `level_user` enum('Admin','Pengguna') DEFAULT NULL,
  `created_at` timestamp NULL DEFAULT NULL,
  `updated_at` timestamp NULL DEFAULT NULL
) ENGINE=InnoDB DEFAULT CHARSET=utf8mb4 COLLATE=utf8mb4_unicode_ci;

--
-- Dumping data untuk tabel `users`
--

INSERT INTO `users` (`id`, `nama_lengkap`, `username`, `email`, `password`, `no_telp`, `tempat_lahir`, `tanggal_lahir`, `umur`, `domisili_sekarang`, `alamat_lengkap`, `status_akun`, `status_pengguna`, `level_user`, `created_at`, `updated_at`) VALUES
(1, 'Admin', 'admin', 'admin@gmail.com', '$2y$10$ILHE8j4mUfDAuztQkJpRGu481yAe6JydYMwPyu09LDe5EN/JTpTry', NULL, NULL, NULL, NULL, NULL, NULL, NULL, NULL, 'Admin', NULL, NULL),
(2, 'Pengguna', 'pengguna', 'pengguna@gmail.com', '$2y$10$0xtQ6vXW1xUgOrMRpdFhs.CHzGuGIZ1U4OJ4uZb/0M5zEtLxXx97a', '081217873275', 3576, NULL, NULL, 3576, 'Kota Mojokerto, Jawa Timur', 'Penyewa', 'Aktif', 'Pengguna', NULL, NULL),
(3, 'Guest', 'guest', 'guest@gmail.com', '$2y$10$IydV8pLj3FbfNvFjYBKsmu3ZnXwFG7ET.s9S8cXWSX6Oriut3l4Wm', NULL, NULL, NULL, NULL, NULL, NULL, 'Penyewa', 'Non-Aktif', 'Pengguna', NULL, NULL),
(4, 'Guest_Perental', 'guest_perental', 'guestperental@gmail.com', '$2y$10$5k4yToSzx5efpPmpXpDJIOEEVf.TTL4KnQiQ.FApeNWefc3hskAQm', NULL, NULL, NULL, NULL, NULL, NULL, 'Perental', 'Aktif', 'Pengguna', NULL, NULL),
(5, 'Adham Prasetyo Suryo Nugroho', 'adham', 'adhamnugroho9@gmail.com', '$2y$10$jk0zDIQDCnI1hIOCEYUix.MEfv3lt2TNRUgHIt5q.YqVeMor25VGi', '081217879476', 3576, '2004-07-13', 18, 3576, 'Cakarayam Gang 2 No 4', 'Penyewa', 'Aktif', 'Pengguna', '2022-12-23 19:29:38', '2022-12-23 19:29:38'),
(6, 'Aditya Alan Setiawan', 'alan', 'alan@gmail.com', '$2y$10$LPDcJDzUX9qBuEkVDbYMKut2JFbpT3uxbMCK25v0gwf46i7js5uQm', '081264374376', 3576, '2004-07-13', 18, 3577, 'Cakarayam Gang 1', 'Perental', 'Aktif', 'Pengguna', '2022-12-23 19:30:59', '2022-12-27 02:34:33'),
(7, 'Avan Zacky Mahesa Putra', 'avan', 'avan@gmail.com', '$2y$10$uYy/NeVk86b1B3jRZHERv.Oge63l78fpGy/Je.jPvXZJb.kHHQDBe', '08127382783', 3573, '2004-07-13', 18, 3578, 'Kesamben', 'Penyewa', 'Aktif', 'Pengguna', '2022-12-23 19:32:44', '2022-12-23 19:32:44'),
(8, 'Avrey Ergi Putra Pratama', 'avrey', 'avrey@gmail.com', '$2y$10$privfQi1gKnKpXhkGrh0FuNDBxSxGvxLSNPW7zYtkREI9KFhsDTvS', '081278459309', 3576, '2004-04-13', 18, 3578, 'Blooto', 'Perental', 'Aktif', 'Pengguna', '2022-12-23 19:34:00', '2022-12-23 21:34:24'),
(11, 'Bagus Indra Pradipa', 'bagus', 'bagus@gmail.com', '$2y$10$z/M0Eso/39Dn2sSei7s8K.JEXnUKZR7WBQmXR.KPJjtAPZAgtACKW', '08127328378', 3576, '2004-07-09', 18, 3576, 'Kesamben', 'Penyewa', 'Aktif', 'Pengguna', '2023-02-05 04:25:22', '2023-02-05 04:25:22'),
(12, 'Bima Baghaskara', 'bima', 'bima@gmail.com', '$2y$10$iuZVfBfIGH1hbq0RCqlx9urN0cstR1fXKAH4.essZPsFK6NnrV01u', '081283928234', 3576, '2004-07-23', 18, 3576, 'wates', 'Penyewa', 'Aktif', 'Pengguna', '2023-02-14 02:16:52', '2023-02-14 02:16:52'),
(13, 'Cintana Ramadhini Biyantika', 'cintana', 'cintana@gmail.com', '$2y$10$IHYpEL9lumrbJYHeX6rBPOFQZAZNgXd0QzaBc8vCBCXXVWCOl.9M2', '081283928980', 3517, '2004-07-23', 18, 3517, 'kesamben, jl. Mutiara no 4', 'Penyewa', 'Aktif', 'Pengguna', '2023-02-14 23:17:19', '2023-02-14 23:17:19'),
(14, 'Dinda Shakila Putri', 'dinda', 'dinda@gmail.com', '$2y$10$zZ7XXjnwhmZpLlnQ18uXQuGSTyGytjRl0.pcnx5zzaaDNydGtdGl6', '081283928980', 3516, '2004-02-20', 18, 3516, 'gedeg, Jl. A. Yani no 02', 'Perental', 'Aktif', 'Pengguna', '2023-02-14 23:19:54', '2023-02-14 23:24:17');

--
-- Indexes for dumped tables
--

--
-- Indeks untuk tabel `failed_jobs`
--
ALTER TABLE `failed_jobs`
  ADD PRIMARY KEY (`id`),
  ADD UNIQUE KEY `failed_jobs_uuid_unique` (`uuid`);

--
-- Indeks untuk tabel `kabupaten`
--
ALTER TABLE `kabupaten`
  ADD PRIMARY KEY (`id_kabupaten`) USING BTREE,
  ADD KEY `kabupaten_id_provinsi_index` (`id_provinsi`) USING BTREE;

--
-- Indeks untuk tabel `kas_admin`
--
ALTER TABLE `kas_admin`
  ADD PRIMARY KEY (`id_kas_admin`),
  ADD KEY `kas_admin_penyewa_id_foreign` (`penyewa_id`);

--
-- Indeks untuk tabel `kas_asuransi`
--
ALTER TABLE `kas_asuransi`
  ADD PRIMARY KEY (`id_kas_asuransi`),
  ADD KEY `kas_asuransi_penyewa_id_foreign` (`penyewa_id`);

--
-- Indeks untuk tabel `migrations`
--
ALTER TABLE `migrations`
  ADD PRIMARY KEY (`id`);

--
-- Indeks untuk tabel `mobil`
--
ALTER TABLE `mobil`
  ADD PRIMARY KEY (`id_mobil`),
  ADD KEY `mobil_perental_id_foreign` (`perental_id`);

--
-- Indeks untuk tabel `password_resets`
--
ALTER TABLE `password_resets`
  ADD KEY `password_resets_email_index` (`email`);

--
-- Indeks untuk tabel `penyewa`
--
ALTER TABLE `penyewa`
  ADD PRIMARY KEY (`id_penyewa`),
  ADD KEY `penyewa_users_id_foreign` (`users_id`);

--
-- Indeks untuk tabel `penyewa_detail`
--
ALTER TABLE `penyewa_detail`
  ADD PRIMARY KEY (`id_penyewa_detail`),
  ADD KEY `penyewa_detail_penyewa_id_foreign` (`penyewa_id`),
  ADD KEY `penyewa_detail_kabupaten_id_foreign` (`kabupaten_id`),
  ADD KEY `penyewa_detail_mobil_id_foreign` (`mobil_id`);

--
-- Indeks untuk tabel `perental`
--
ALTER TABLE `perental`
  ADD PRIMARY KEY (`id_perental`),
  ADD KEY `perental_users_id_foreign` (`users_id`);

--
-- Indeks untuk tabel `personal_access_tokens`
--
ALTER TABLE `personal_access_tokens`
  ADD PRIMARY KEY (`id`),
  ADD UNIQUE KEY `personal_access_tokens_token_unique` (`token`),
  ADD KEY `personal_access_tokens_tokenable_type_tokenable_id_index` (`tokenable_type`,`tokenable_id`);

--
-- Indeks untuk tabel `users`
--
ALTER TABLE `users`
  ADD PRIMARY KEY (`id`),
  ADD UNIQUE KEY `users_email_unique` (`email`),
  ADD KEY `users_tempat_lahir_foreign` (`tempat_lahir`),
  ADD KEY `users_domisili_sekarang_foreign` (`domisili_sekarang`);

--
-- AUTO_INCREMENT untuk tabel yang dibuang
--

--
-- AUTO_INCREMENT untuk tabel `failed_jobs`
--
ALTER TABLE `failed_jobs`
  MODIFY `id` bigint(20) UNSIGNED NOT NULL AUTO_INCREMENT;

--
-- AUTO_INCREMENT untuk tabel `kabupaten`
--
ALTER TABLE `kabupaten`
  MODIFY `id_kabupaten` bigint(20) UNSIGNED NOT NULL AUTO_INCREMENT, AUTO_INCREMENT=9472;

--
-- AUTO_INCREMENT untuk tabel `kas_admin`
--
ALTER TABLE `kas_admin`
  MODIFY `id_kas_admin` bigint(20) UNSIGNED NOT NULL AUTO_INCREMENT, AUTO_INCREMENT=21;

--
-- AUTO_INCREMENT untuk tabel `kas_asuransi`
--
ALTER TABLE `kas_asuransi`
  MODIFY `id_kas_asuransi` bigint(20) UNSIGNED NOT NULL AUTO_INCREMENT, AUTO_INCREMENT=20;

--
-- AUTO_INCREMENT untuk tabel `migrations`
--
ALTER TABLE `migrations`
  MODIFY `id` int(10) UNSIGNED NOT NULL AUTO_INCREMENT, AUTO_INCREMENT=45;

--
-- AUTO_INCREMENT untuk tabel `mobil`
--
ALTER TABLE `mobil`
  MODIFY `id_mobil` bigint(20) UNSIGNED NOT NULL AUTO_INCREMENT, AUTO_INCREMENT=8;

--
-- AUTO_INCREMENT untuk tabel `penyewa`
--
ALTER TABLE `penyewa`
  MODIFY `id_penyewa` bigint(20) UNSIGNED NOT NULL AUTO_INCREMENT, AUTO_INCREMENT=14;

--
-- AUTO_INCREMENT untuk tabel `penyewa_detail`
--
ALTER TABLE `penyewa_detail`
  MODIFY `id_penyewa_detail` bigint(20) UNSIGNED NOT NULL AUTO_INCREMENT, AUTO_INCREMENT=14;

--
-- AUTO_INCREMENT untuk tabel `perental`
--
ALTER TABLE `perental`
  MODIFY `id_perental` bigint(20) UNSIGNED NOT NULL AUTO_INCREMENT, AUTO_INCREMENT=11;

--
-- AUTO_INCREMENT untuk tabel `personal_access_tokens`
--
ALTER TABLE `personal_access_tokens`
  MODIFY `id` bigint(20) UNSIGNED NOT NULL AUTO_INCREMENT;

--
-- AUTO_INCREMENT untuk tabel `users`
--
ALTER TABLE `users`
  MODIFY `id` bigint(20) UNSIGNED NOT NULL AUTO_INCREMENT, AUTO_INCREMENT=15;

--
-- Ketidakleluasaan untuk tabel pelimpahan (Dumped Tables)
--

--
-- Ketidakleluasaan untuk tabel `kas_admin`
--
ALTER TABLE `kas_admin`
  ADD CONSTRAINT `kas_admin_penyewa_id_foreign` FOREIGN KEY (`penyewa_id`) REFERENCES `penyewa` (`id_penyewa`);

--
-- Ketidakleluasaan untuk tabel `kas_asuransi`
--
ALTER TABLE `kas_asuransi`
  ADD CONSTRAINT `kas_asuransi_penyewa_id_foreign` FOREIGN KEY (`penyewa_id`) REFERENCES `penyewa` (`id_penyewa`);

--
-- Ketidakleluasaan untuk tabel `mobil`
--
ALTER TABLE `mobil`
  ADD CONSTRAINT `mobil_perental_id_foreign` FOREIGN KEY (`perental_id`) REFERENCES `perental` (`id_perental`);

--
-- Ketidakleluasaan untuk tabel `penyewa`
--
ALTER TABLE `penyewa`
  ADD CONSTRAINT `penyewa_users_id_foreign` FOREIGN KEY (`users_id`) REFERENCES `users` (`id`);

--
-- Ketidakleluasaan untuk tabel `penyewa_detail`
--
ALTER TABLE `penyewa_detail`
  ADD CONSTRAINT `penyewa_detail_kabupaten_id_foreign` FOREIGN KEY (`kabupaten_id`) REFERENCES `kabupaten` (`id_kabupaten`),
  ADD CONSTRAINT `penyewa_detail_mobil_id_foreign` FOREIGN KEY (`mobil_id`) REFERENCES `mobil` (`id_mobil`),
  ADD CONSTRAINT `penyewa_detail_penyewa_id_foreign` FOREIGN KEY (`penyewa_id`) REFERENCES `penyewa` (`id_penyewa`);

--
-- Ketidakleluasaan untuk tabel `perental`
--
ALTER TABLE `perental`
  ADD CONSTRAINT `perental_users_id_foreign` FOREIGN KEY (`users_id`) REFERENCES `users` (`id`);

--
-- Ketidakleluasaan untuk tabel `users`
--
ALTER TABLE `users`
  ADD CONSTRAINT `users_domisili_sekarang_foreign` FOREIGN KEY (`domisili_sekarang`) REFERENCES `kabupaten` (`id_kabupaten`),
  ADD CONSTRAINT `users_tempat_lahir_foreign` FOREIGN KEY (`tempat_lahir`) REFERENCES `kabupaten` (`id_kabupaten`);
COMMIT;

/*!40101 SET CHARACTER_SET_CLIENT=@OLD_CHARACTER_SET_CLIENT */;
/*!40101 SET CHARACTER_SET_RESULTS=@OLD_CHARACTER_SET_RESULTS */;
/*!40101 SET COLLATION_CONNECTION=@OLD_COLLATION_CONNECTION */;
